{"SEP1Choice": {"mu": 4.2575980823546455, "std": 0.04736006153569002}, "SEP2Choice": {"mu": 5.006211942727594, "std": 0.06386642866723817}, "ERS4Choice": {"mu": 4.049848199352063, "std": 0.04465756135414912}, "PER4Choice": {"mu": 4.547894503367495, "std": 0.06141835922435715}, "PER1Choice": {"mu": 3.0355917001461235, "std": 0.06240470299390714}}